,called_strike,swinging_strike,total_count,total_ranked,percentage_of_total_strikes,total_pitches,strike_to_pitch%
90-94 mph,43912,19058,62970,1.0,31.89775697525986,235932,26.689893698184225
85-89 mph,24571,22227,46798,2.0,23.705752436528684,173820,26.92325394085836
80-84 mph,20107,18474,38581,3.0,19.543391485826596,140463,27.4670197845696
95-99 mph,20408,11781,32189,4.0,16.30549308046117,121111,26.578097778071356
75-79 mph,8145,4501,12646,5.0,6.405892245658825,43294,29.20959024345175
70-74 mph,1722,899,2621,6.0,1.3276801815492474,8888,29.48919891989199
100+ mph,587,562,1149,7.0,0.5820314874475716,4018,28.59631657541065
<70,304,81,385,8.0,0.19502360545458228,1931,19.93785603314345
